{
    "Ar36": {
        "error": 0.0010525707540391539, 
        "fit": "parabolic", 
        "value": 0.002591773760504157
    }, 
    "Ar37": {
        "error": 0.13352844599608865, 
        "fit": "linear", 
        "value": -0.032370467848737032
    }, 
    "Ar38": {
        "error": 0.1755714753256046, 
        "fit": "linear", 
        "value": 0.0060564585239578604
    }, 
    "Ar39": {
        "error": 0.062810406145667227, 
        "fit": "parabolic", 
        "value": 6.2193296476263651
    }, 
    "Ar40": {
        "error": 0.17440659060305583, 
        "fit": "parabolic", 
        "value": 86.138508023901494
    }, 
    "Ar41": {
        "error": 0.12904195781894456, 
        "fit": "average_SEM", 
        "value": 0.23298331554018659
    }
}