{
    "Ar36": {
        "error": 0.0024802579372885073, 
        "fit": "parabolic", 
        "value": 0.031640739552500949
    }, 
    "Ar37": {
        "error": 0.13304885741959557, 
        "fit": "linear", 
        "value": -0.11827849282334064
    }, 
    "Ar38": {
        "error": 0.16426449984143784, 
        "fit": "linear", 
        "value": 1.2223764586685748
    }, 
    "Ar39": {
        "error": 0.1115256012200507, 
        "fit": "parabolic", 
        "value": 110.90296190916243
    }, 
    "Ar40": {
        "error": 0.47047317022918272, 
        "fit": "parabolic", 
        "value": 1531.4879027100556
    }, 
    "Ar41": {
        "error": 0.13869210779697419, 
        "fit": "average_SEM", 
        "value": -0.09307953817900852
    }
}