{
    "Ar36": {
        "error": 0.00078714069332544065, 
        "fit": "parabolic", 
        "value": 0.00053766702698773315
    }, 
    "Ar37": {
        "error": 0.13284914043940591, 
        "fit": "linear", 
        "value": 0.059690401398332593
    }, 
    "Ar38": {
        "error": 0.16356250814138237, 
        "fit": "linear", 
        "value": -0.064265509213880995
    }, 
    "Ar39": {
        "error": 0.054237757465461389, 
        "fit": "parabolic", 
        "value": -0.026305281874075513
    }, 
    "Ar40": {
        "error": 0.13303294076710762, 
        "fit": "parabolic", 
        "value": 0.32469911481366975
    }, 
    "Ar41": {
        "error": 0.13051579911865208, 
        "fit": "average_SEM", 
        "value": -0.36299021658196579
    }
}