{
    "Ar36": {
        "error": 0.0017794131464505484, 
        "fit": "linear", 
        "value": 0.017839537992155388
    }, 
    "Ar37": {
        "error": 0.13247808687892718, 
        "fit": "linear", 
        "value": -0.048846754964233748
    }, 
    "Ar38": {
        "error": 0.155772511130747, 
        "fit": "linear", 
        "value": 0.044535959107250431
    }, 
    "Ar39": {
        "error": 0.071123130094057754, 
        "fit": "linear", 
        "value": 17.778795844847309
    }, 
    "Ar40": {
        "error": 0.43170434735529051, 
        "fit": "linear", 
        "value": 1096.7371888597654
    }, 
    "Ar41": {
        "error": 0.13045473179042041, 
        "fit": "average_SEM", 
        "value": -0.096574589973877467
    }
}