{
    "Ar36": {
        "error": 0.0021392069508327279, 
        "fit": "linear", 
        "value": 0.028004458358505582
    }, 
    "Ar37": {
        "error": 0.12765364144730379, 
        "fit": "linear", 
        "value": -0.017411294055320738
    }, 
    "Ar38": {
        "error": 0.18558774928770405, 
        "fit": "linear", 
        "value": 0.2587570561897703
    }, 
    "Ar39": {
        "error": 0.07127862249058349, 
        "fit": "linear", 
        "value": 27.977430434474133
    }, 
    "Ar40": {
        "error": 0.56630760548090042, 
        "fit": "linear", 
        "value": 1717.6870318294996
    }, 
    "Ar41": {
        "error": 0.13690883731207545, 
        "fit": "average_SEM", 
        "value": -0.085307896399172023
    }
}