{
    "Ar36": {
        "error": 0.0070487034944685363, 
        "fit": "parabolic", 
        "value": 0.31936142685526858
    }, 
    "Ar37": {
        "error": 0.13715355413652294, 
        "fit": "linear", 
        "value": -0.10464172311159881
    }, 
    "Ar38": {
        "error": 0.13429072968170475, 
        "fit": "linear", 
        "value": -0.10240941886481578
    }, 
    "Ar39": {
        "error": 0.060759559263211894, 
        "fit": "parabolic", 
        "value": -0.017943890021831763
    }, 
    "Ar40": {
        "error": 0.17912636174673396, 
        "fit": "parabolic", 
        "value": 97.446107174733385
    }, 
    "Ar41": {
        "error": 0.13263039302032908, 
        "fit": "average_SEM", 
        "value": -0.38128622622694819
    }
}