{
    "Ar36": {
        "error": 0.00238667308794946, 
        "fit": "linear", 
        "value": 0.027523917381128669
    }, 
    "Ar37": {
        "error": 0.13923999134639051, 
        "fit": "linear", 
        "value": 0.071799188213848078
    }, 
    "Ar38": {
        "error": 0.19203504606477442, 
        "fit": "linear", 
        "value": 0.20025132667393075
    }, 
    "Ar39": {
        "error": 0.069202452250565885, 
        "fit": "linear", 
        "value": 25.174722553017013
    }, 
    "Ar40": {
        "error": 0.48647780005090263, 
        "fit": "linear", 
        "value": 1548.0660025242273
    }, 
    "Ar41": {
        "error": 0.14268144435133381, 
        "fit": "average_SEM", 
        "value": -0.31739407511841922
    }
}