{
    "Ar36": {
        "error": 0.0014820963441898221, 
        "fit": "parabolic", 
        "value": 0.013128549890179569
    }, 
    "Ar37": {
        "error": 0.13815052606164988, 
        "fit": "linear", 
        "value": -0.036410255611875254
    }, 
    "Ar38": {
        "error": 0.15456238602076858, 
        "fit": "linear", 
        "value": -0.090074636505798389
    }, 
    "Ar39": {
        "error": 0.056997881452754119, 
        "fit": "parabolic", 
        "value": 0.012214671783564928
    }, 
    "Ar40": {
        "error": 0.12666022748751177, 
        "fit": "parabolic", 
        "value": 3.9047081309856653
    }, 
    "Ar41": {
        "error": 0.12439683425098018, 
        "fit": "average_SEM", 
        "value": 0.23418702167458832
    }
}